"","V1","V2","V3","V4","V5","V6","V7","V8","V9","V10","V11","V12","V13","V14","V15","V16","V17","V18","V19","V20","V21","V22","V23","V24","V25","V26","V27","V28","V29","V30","V31","V32","V33","V34","V35","V36","V37","V38","V39","V40","V41","V42","V43","V44","V45","V46","V47","V48","V49","V50","V51","V52","V53","V54","V55","V56","V57","V58","V59","V60","V61","V62","V63","V64","V65","V66","V67","V68","V69","V70","V71","V72","V73","V74","V75","V76","V77","V78","V79","V80","V81","V82","V83","V84","V85","V86","V87","V88","V89","V90","V91","V92","V93","V94","V95","V96","V97","V98","V99","V100","V101","V102","V103"
"1",0,0,116,0,0,0,0,0,0,0,0,0,0,0,116,0,0,0,0,0,0,113,128,0,0,119,130,88,110,0,239,227,0,0,0,94,102,90,221,0,0,102,95,0,0,217,127,95,107,107,0,0,215,0,104,0,0,201,112,0,222,108,0,107,222,223,88,103,98,113,0,117,116,322,327,118,217,209,234,202,113,212,306,240,0,214,209,335,255,0,228,185,90,103,219,0,339,403,317,118,319,0,100
"2",0,0,0,168,0,173,0,0,0,0,0,0,198,0,0,0,0,0,0,0,0,0,185,0,203,0,385,0,0,0,0,0,345,0,190,186,0,0,0,322,187,198,0,183,0,0,0,0,0,204,203,196,417,190,0,0,391,544,186,755,192,0,372,1144,191,0,0,175,179,865,174,0,0,573,195,352,0,0,0,0,740,176,185,0,559,183,0,768,0,153,559,170,180,0,362,365,1263,0,170,572,0,1144,500
"3",0,0,0,0,0,0,0,0,46,0,0,0,0,0,0,0,0,0,27,0,0,79,44,30,138,0,0,0,0,0,33,0,0,0,50,0,0,0,0,0,0,46,0,45,78,42,48,0,100,0,49,99,47,0,87,0,0,127,0,44,74,44,44,48,165,53,0,86,188,186,154,0,82,0,0,0,0,177,40,169,66,87,52,42,0,79,129,0,88,43,0,160,0,179,47,42,0,39,0,255,0,132,89
"4",0,0,0,0,0,0,0,0,0,0,98,0,105,104,103,0,0,0,88,0,0,0,89,0,0,118,203,0,116,0,187,201,0,0,329,0,0,0,0,88,0,0,0,0,106,102,98,105,110,0,0,0,0,0,200,0,224,213,112,196,99,114,191,201,300,99,118,0,86,172,98,230,315,192,193,97,96,421,97,111,97,96,109,120,87,207,311,309,98,195,92,0,0,92,297,285,206,99,184,0,101,196,394
"5",0,0,0,0,0,0,0,0,0,0,86,84,0,0,0,91,0,0,0,0,0,0,0,0,82,90,0,0,0,88,0,0,0,98,83,184,0,0,0,296,183,0,0,192,0,0,84,0,200,102,213,192,0,94,0,0,92,99,0,79,0,88,92,298,398,193,95,0,95,0,99,201,0,364,0,0,279,409,0,192,96,0,385,185,449,181,84,185,104,91,126,262,396,0,82,90,178,0,96,399,201,87,277
"6",0,0,0,0,0,0,15,0,13,0,0,0,0,0,19,0,0,0,0,0,0,0,0,0,15,0,12,31,0,0,0,0,0,19,0,14,20,0,0,17,29,48,0,0,28,0,0,17,0,0,0,14,0,46,0,32,0,13,18,17,12,21,0,0,19,10,7,14,0,0,17,73,47,41,0,15,48,44,13,23,25,20,28,28,29,13,0,45,25,18,32,9,19,52,19,12,67,42,46,0,22,50,51
"7",0,0,0,70,0,0,0,81,0,0,0,0,0,0,0,69,0,0,0,62,0,193,0,0,53,0,64,0,64,67,0,0,123,0,0,0,0,0,0,61,63,59,0,0,0,185,0,0,190,69,84,74,130,71,0,52,76,171,48,133,0,0,123,63,161,0,0,68,149,76,73,0,76,76,269,0,0,181,229,204,60,75,0,212,191,56,151,51,0,54,113,195,61,71,0,319,191,143,199,61,67,0,198
"8",0,0,0,0,0,0,100,0,0,0,0,0,0,0,0,66,83,0,0,0,0,164,86,0,0,0,270,95,175,0,0,0,0,0,0,0,0,65,0,0,0,72,0,197,0,0,87,83,92,168,198,84,0,0,0,77,88,168,81,0,156,170,0,0,81,0,89,188,175,323,430,84,0,91,76,160,223,0,167,86,0,274,165,0,95,169,105,328,0,171,84,540,0,279,165,249,105,170,335,84,91,91,98
"9",0,0,0,0,0,0,0,0,113,0,0,0,0,0,0,0,0,0,96,0,75,96,101,0,0,185,0,0,0,0,88,83,197,77,0,0,188,0,89,0,0,0,0,199,0,84,0,272,181,95,0,0,0,0,104,211,103,0,175,107,0,176,0,0,0,96,188,108,345,283,0,0,97,0,94,97,83,105,0,0,96,393,98,91,188,228,212,183,97,207,282,493,378,110,283,718,194,396,196,0,0,176,0
"10",0,0,0,0,0,0,0,0,0,90,0,0,87,0,94,198,0,90,0,0,0,108,0,93,0,86,0,0,100,0,80,0,0,111,99,0,0,96,0,167,0,0,88,0,99,192,185,182,292,176,98,95,173,82,167,0,93,200,0,94,106,0,77,0,277,105,102,94,0,261,85,0,0,190,0,153,195,184,84,148,0,83,260,191,120,178,231,76,100,0,308,86,194,87,104,371,83,379,90,99,192,169,89
"11",0,0,0,0,0,0,0,0,109,0,0,0,0,0,0,0,0,0,126,119,0,121,0,0,265,0,519,0,230,112,138,0,244,0,0,128,0,105,0,0,0,0,0,0,148,122,0,0,237,0,114,127,136,153,117,0,137,0,250,0,142,144,240,147,0,249,0,0,125,144,234,116,0,405,133,255,374,369,131,255,350,240,0,122,284,0,349,114,289,127,387,143,393,122,388,0,536,391,125,120,760,126,124
"12",0,0,0,0,0,0,93,0,0,45,0,0,50,0,0,48,0,0,0,45,0,46,59,52,0,0,0,52,47,0,51,0,103,0,43,55,55,0,0,103,0,0,0,0,40,45,107,52,58,56,0,58,0,0,0,0,54,39,40,0,94,41,193,57,0,109,106,47,149,49,0,43,0,85,87,0,58,143,49,46,95,27,0,0,44,99,0,80,52,0,141,103,92,142,45,46,147,106,200,203,146,197,39
"13",0,0,0,0,0,0,138,0,0,0,0,0,0,0,155,0,0,0,137,130,0,133,252,0,0,0,130,0,0,137,146,0,0,0,394,131,0,0,138,0,138,0,0,0,0,156,122,159,0,269,140,268,131,0,398,148,277,149,135,0,147,130,262,405,141,140,152,0,292,144,435,111,0,267,659,0,228,155,122,274,275,688,418,281,0,0,293,285,0,135,269,548,0,0,252,0,261,263,264,285,282,152,134
"14",0,0,0,0,0,0,0,0,0,0,0,81,0,0,0,87,0,0,78,71,0,65,0,0,0,0,0,0,81,73,84,85,91,0,0,74,0,0,88,154,0,0,72,0,73,83,180,86,93,88,163,0,78,0,250,93,0,85,344,89,0,84,172,82,344,151,0,0,241,87,244,270,250,0,0,77,74,262,159,88,167,264,94,150,75,0,255,75,163,170,163,79,171,94,81,75,177,77,86,165,89,80,84
"15",0,0,0,0,0,0,0,0,0,0,0,0,0,0,0,86,192,92,0,186,0,0,0,0,0,0,0,93,89,0,104,0,363,0,0,112,0,298,0,95,422,94,80,0,0,0,208,0,201,195,101,211,0,107,91,0,189,80,73,0,107,86,0,184,0,186,0,104,191,107,173,200,367,183,0,196,97,0,263,0,257,202,90,297,97,88,90,0,89,176,189,364,97,0,84,0,0,88,408,104,76,356,88
"16",0,0,31,22,0,0,0,0,0,0,0,31,0,0,0,0,0,0,0,0,0,37,0,0,30,19,0,0,21,27,0,18,25,26,35,33,0,95,0,28,0,29,0,36,26,0,0,59,34,0,0,104,41,0,31,37,36,86,0,0,32,0,33,33,83,32,0,0,64,24,0,24,57,32,27,30,94,0,20,102,41,68,0,77,90,40,54,188,0,31,70,34,118,130,52,0,67,57,0,50,33,69,61
"17",0,0,0,0,0,43,0,0,56,0,0,0,0,0,0,0,0,52,0,0,0,38,0,0,0,0,48,0,0,0,41,93,51,96,0,0,0,0,0,50,162,0,0,54,109,101,92,40,0,111,0,0,39,0,77,0,53,51,95,0,0,42,48,51,0,45,119,0,42,102,51,55,56,0,49,153,115,173,46,0,146,0,218,54,62,0,146,100,0,0,335,45,94,140,43,150,91,114,56,242,0,148,111
"18",0,0,89,0,0,0,0,0,0,0,0,0,0,0,101,0,0,91,0,0,91,0,0,0,0,0,0,95,0,0,0,0,79,0,0,94,0,187,88,0,0,110,0,181,83,0,0,254,81,0,0,0,0,110,82,263,96,202,96,194,104,81,0,184,0,90,78,276,189,173,257,254,85,266,167,84,107,86,173,108,74,0,276,174,88,107,176,387,97,276,181,272,169,331,196,0,248,91,0,98,0,99,313
"19",0,0,0,0,0,0,0,0,102,0,0,0,0,118,0,0,0,110,0,0,0,0,0,0,124,0,117,98,0,118,103,0,94,125,242,221,0,0,0,104,109,105,125,241,120,225,0,0,109,0,126,125,0,88,0,110,109,556,0,110,115,183,449,0,0,316,0,98,105,102,0,83,116,94,299,413,119,106,225,213,330,98,484,107,218,420,110,108,0,0,114,211,0,115,101,0,229,0,337,108,230,352,334
"20",0,0,0,0,0,0,0,0,0,0,0,0,0,18,0,0,0,0,50,23,0,21,21,0,0,0,25,0,46,0,47,17,20,21,0,43,26,0,0,30,0,0,34,30,26,31,0,64,29,0,23,0,0,22,29,0,112,20,46,26,131,0,0,0,27,18,0,0,37,48,68,53,19,67,0,47,23,24,51,90,52,21,24,93,0,14,57,25,75,25,37,30,17,0,44,23,0,41,0,0,99,27,47
"21",0,0,0,0,0,0,51,0,0,0,0,0,0,0,0,0,0,56,0,0,0,66,149,56,0,62,0,0,61,0,0,0,0,58,0,0,119,0,0,0,46,0,0,0,60,117,0,0,48,123,51,112,0,224,105,50,55,61,56,0,0,0,90,108,0,0,65,62,254,221,48,190,58,59,172,0,59,48,0,0,154,165,0,232,68,0,0,120,105,118,110,114,122,119,204,123,160,120,0,103,96,166,0
"22",0,0,0,30,0,0,0,0,0,0,0,0,25,0,0,26,0,0,17,55,42,29,0,28,0,0,21,25,0,22,0,0,18,0,21,0,26,27,0,0,0,0,0,0,26,0,27,0,0,28,116,23,74,25,52,30,25,28,82,0,0,56,0,30,58,69,101,38,0,38,0,25,19,0,0,75,32,61,0,48,20,75,41,51,24,24,79,90,17,0,60,0,35,108,0,87,0,37,0,60,27,33,0
"23",0,0,0,0,0,65,0,0,0,0,0,0,0,0,0,0,0,0,0,69,0,0,0,74,0,0,0,0,67,0,64,0,0,61,0,0,204,0,75,71,191,0,81,0,169,71,131,0,74,76,0,0,0,146,151,0,74,80,56,0,141,73,71,229,152,141,61,68,0,432,0,0,0,68,131,134,0,219,143,140,80,153,141,78,146,141,68,0,70,160,142,72,0,0,220,0,215,219,508,67,63,72,294
"24",0,0,0,0,0,0,0,0,137,0,0,0,0,130,0,0,0,0,128,0,0,271,0,124,0,0,0,127,128,0,0,124,135,135,126,113,0,0,0,148,287,141,129,278,0,139,119,114,136,257,151,0,287,0,537,0,0,441,263,141,0,422,136,0,284,0,232,0,0,264,140,0,400,244,0,0,281,516,117,268,0,0,272,126,287,240,312,0,230,512,148,408,124,388,252,381,296,0,240,0,251,123,125
"25",0,0,0,0,0,0,0,131,0,0,129,0,0,0,0,126,0,0,0,0,0,122,96,0,0,226,0,218,100,0,0,131,211,0,0,123,0,0,111,120,0,111,119,0,115,0,110,0,0,124,227,92,0,0,228,0,0,0,220,0,231,224,118,125,234,216,111,132,0,325,0,116,130,122,349,0,106,120,233,248,457,243,350,0,486,105,121,124,0,194,109,215,451,343,571,112,435,81,118,117,115,235,114
"26",0,0,0,0,0,0,0,0,0,103,0,0,0,0,0,0,0,0,0,101,0,0,0,98,0,211,0,0,0,0,93,107,108,222,0,0,105,0,219,0,101,0,107,0,103,97,97,0,90,104,203,109,90,0,0,103,0,0,97,0,193,106,116,94,233,110,108,557,92,0,523,186,0,529,244,0,123,220,91,110,113,109,204,97,215,218,199,307,209,0,0,326,96,183,191,226,282,98,97,211,224,125,380
"27",0,0,0,0,0,0,0,0,0,0,0,0,0,0,0,0,0,0,0,0,0,62,0,0,0,58,0,43,0,0,0,101,72,0,49,54,0,48,49,58,0,53,54,0,98,126,45,0,100,0,65,0,54,54,0,0,97,0,0,59,112,49,57,0,128,0,105,0,42,52,0,104,208,110,48,95,61,174,47,62,107,49,0,0,109,156,204,0,49,111,197,55,170,67,98,129,162,213,68,209,108,98,108
"28",0,0,0,0,0,0,0,0,0,0,93,0,65,0,83,0,0,58,85,0,0,0,0,0,0,79,0,156,0,0,75,164,0,82,0,0,259,151,82,167,103,86,0,80,174,72,76,0,150,0,87,0,158,83,86,90,0,89,256,0,0,165,74,79,169,87,0,152,237,159,85,84,244,166,145,88,80,87,74,164,350,73,148,0,147,96,197,0,0,0,0,0,83,69,0,242,232,222,0,157,73,277,228
"29",0,101,0,0,0,0,0,0,0,0,104,0,0,0,0,0,0,100,105,0,0,0,0,0,0,0,0,117,0,0,229,109,130,0,117,253,116,120,112,0,235,0,0,0,106,105,0,127,120,0,212,112,102,124,214,0,0,119,116,0,190,0,112,0,0,208,0,0,0,107,112,101,230,438,0,344,109,222,112,0,343,322,695,443,106,423,0,110,0,121,339,363,210,100,0,446,0,218,538,0,114,497,134
"30",0,0,0,0,0,0,0,0,0,0,0,73,0,0,0,66,62,0,152,0,0,132,0,0,0,66,0,53,0,82,140,75,0,0,48,141,0,0,0,0,0,140,0,0,49,0,0,67,0,0,216,0,68,0,153,75,62,63,138,0,71,72,72,121,0,0,141,113,155,0,212,59,137,115,195,224,62,0,63,150,327,135,159,126,150,82,220,0,140,76,79,73,146,0,58,152,85,118,0,218,134,137,223
"31",0,0,0,0,42,0,0,0,0,0,0,0,0,0,46,0,0,45,51,0,49,0,0,0,0,0,49,0,0,42,0,0,35,0,100,0,111,0,0,0,0,102,50,86,73,50,49,38,43,0,0,0,38,80,96,0,0,0,42,40,119,57,106,41,0,72,90,0,0,82,0,46,53,49,93,90,83,57,135,0,0,56,198,100,137,37,0,141,54,150,98,0,94,131,43,293,49,85,46,0,170,124,45
"32",0,0,0,0,0,0,0,0,0,0,0,0,102,0,0,0,0,100,222,91,112,202,105,0,0,0,0,0,0,85,0,0,98,0,111,0,96,104,0,110,202,189,0,210,181,105,92,0,101,120,96,113,292,0,0,210,109,106,93,100,90,197,193,100,0,394,189,186,287,106,89,0,188,113,394,218,222,168,0,109,0,0,103,215,85,429,0,0,104,112,0,420,97,107,95,186,116,388,191,199,0,0,103
"33",0,0,0,0,0,0,0,0,0,0,0,112,0,0,0,0,0,107,0,0,105,0,105,109,121,0,131,0,0,0,0,0,223,208,0,226,0,0,0,207,0,100,113,0,118,242,191,225,0,93,326,116,116,0,124,123,0,215,140,349,110,98,0,101,0,210,348,0,102,0,0,0,115,115,0,0,105,333,0,314,330,0,0,185,315,206,315,408,110,126,305,411,0,102,107,338,231,235,195,245,0,354,261
"34",0,0,0,0,0,0,0,58,55,0,0,0,0,0,0,0,0,69,0,0,0,58,0,50,0,66,0,64,0,0,0,61,0,120,68,0,138,62,0,0,68,54,0,0,0,60,0,55,0,0,0,58,118,46,0,126,60,0,59,0,67,48,59,113,123,117,58,224,170,0,114,75,57,0,64,0,0,132,62,66,48,184,59,123,237,241,54,125,178,0,161,69,165,116,61,65,125,102,134,0,294,129,154
"35",0,0,0,0,0,200,0,0,199,0,0,0,0,191,0,0,0,0,201,182,355,0,0,197,157,194,0,0,0,341,0,337,193,0,175,192,151,170,187,525,170,168,309,0,166,156,178,348,353,177,155,731,173,0,0,176,165,0,188,0,145,170,0,0,344,355,683,168,178,176,0,0,160,0,555,0,0,196,0,0,737,0,196,0,197,357,356,338,172,335,526,161,187,0,164,175,565,313,345,341,385,176,697
"36",0,0,0,0,0,0,0,0,0,0,59,0,0,0,0,0,63,0,0,0,0,0,65,338,0,0,0,0,0,106,0,39,43,54,0,0,48,127,113,0,0,63,0,0,58,50,65,59,63,115,0,47,0,0,0,56,0,54,74,57,112,225,241,103,46,0,0,51,0,71,191,0,226,0,115,0,92,115,52,159,166,0,235,63,121,0,58,98,159,59,0,143,114,174,109,0,0,108,103,133,114,46,0
"37",0,0,0,0,0,0,0,0,0,243,0,96,0,0,0,0,94,0,0,0,0,0,0,0,0,91,0,0,0,0,448,0,92,0,0,194,69,0,95,174,0,207,0,0,84,0,97,107,0,97,0,0,193,97,0,92,180,93,79,186,183,293,0,348,192,103,0,270,426,304,0,92,192,193,95,74,355,0,93,172,178,0,164,105,0,189,186,361,0,0,0,197,280,0,0,190,0,100,0,97,184,188,287
"38",0,0,0,0,0,0,0,0,0,0,0,95,0,0,0,0,0,0,77,0,0,109,87,99,0,99,96,99,87,0,82,0,0,0,0,0,82,0,0,0,0,0,187,0,111,194,0,89,0,268,0,0,101,176,104,71,0,271,85,96,0,186,0,214,168,0,115,0,95,160,0,89,96,371,89,454,0,97,92,347,99,93,420,86,283,0,107,316,188,261,262,90,87,178,183,93,0,98,81,475,205,189,100
"39",0,0,0,0,0,0,0,0,169,0,0,0,0,0,0,0,0,0,0,181,147,312,136,0,0,0,0,0,0,0,0,0,172,0,156,0,160,153,154,0,162,0,0,180,156,328,291,0,0,300,314,143,0,441,162,0,458,0,0,144,169,0,160,313,310,136,153,295,168,0,162,333,154,296,148,306,453,312,307,0,0,0,142,503,149,147,436,285,475,143,161,476,467,138,597,296,630,156,298,0,495,0,510
"40",0,0,0,0,0,0,0,0,0,0,0,119,0,0,0,0,113,0,0,0,112,0,0,0,0,0,0,106,119,126,0,0,0,268,101,378,138,0,0,111,116,126,247,255,0,111,0,95,130,120,0,0,237,0,115,126,128,112,0,109,117,223,0,247,136,0,0,132,524,249,128,123,248,0,242,0,251,261,370,409,136,118,249,246,230,0,0,145,136,368,364,122,413,655,123,360,267,128,0,361,0,0,597
"41",0,0,0,0,0,0,0,198,0,0,0,0,0,0,0,0,0,0,197,0,554,177,200,0,0,0,0,358,0,0,346,366,359,329,0,193,322,0,0,0,0,0,178,0,514,0,176,0,0,355,188,370,0,0,0,162,350,334,176,518,354,363,175,0,0,0,204,0,314,183,200,172,0,921,349,0,0,555,709,196,172,161,182,0,363,181,195,203,576,0,181,356,728,368,164,200,0,0,398,364,534,566,570
"42",0,0,0,0,0,0,0,0,0,119,0,0,0,0,110,0,0,133,274,0,0,129,109,0,109,0,119,0,0,119,364,0,120,84,216,123,233,131,0,121,0,102,0,217,123,238,326,109,0,234,0,125,0,100,0,230,120,0,476,120,0,118,101,123,104,98,242,113,0,110,111,121,356,0,375,0,119,0,560,123,227,0,0,212,110,233,209,317,466,0,242,440,92,0,0,0,341,123,121,207,199,0,0
"43",0,0,0,0,0,0,0,0,221,125,0,0,0,0,0,0,0,0,0,0,0,0,109,232,0,105,0,0,0,0,230,0,0,0,101,108,0,0,111,236,0,213,132,0,103,0,0,0,115,119,0,351,0,0,113,330,0,252,247,215,0,216,112,103,117,323,113,122,202,128,246,0,455,0,225,0,355,446,0,234,119,104,115,190,369,0,0,0,0,110,475,245,575,0,218,0,0,106,223,348,355,225,438
"44",0,0,0,0,0,0,0,0,0,0,0,0,69,0,77,0,82,0,0,0,74,0,0,65,0,74,73,0,0,0,0,0,0,63,83,0,0,0,60,200,73,0,55,123,196,66,143,0,0,60,131,81,0,196,141,0,126,71,0,58,0,69,77,68,0,63,65,211,125,191,64,65,58,74,0,65,67,216,72,0,0,153,59,0,146,407,73,150,72,270,194,237,0,74,133,77,195,130,133,154,0,87,148
"45",0,0,0,0,0,0,0,158,157,138,0,0,0,0,0,0,0,0,138,0,0,0,0,0,0,0,0,0,0,0,0,451,132,0,302,175,166,0,288,161,147,0,0,0,138,306,452,0,157,0,150,283,155,0,0,473,0,0,0,294,0,150,292,141,0,427,0,305,451,164,0,0,161,168,132,112,146,451,463,324,267,287,0,0,161,311,306,161,566,328,153,0,426,167,162,281,304,600,292,611,313,336,306
"46",0,0,0,93,0,0,0,0,0,0,0,0,0,79,0,81,87,92,76,0,0,0,0,81,75,0,0,0,90,87,94,83,0,0,0,82,0,0,84,63,91,93,186,0,0,0,0,0,0,86,74,173,0,157,0,0,319,76,83,0,256,173,0,88,261,80,0,73,148,82,159,181,153,0,414,164,94,269,335,85,98,165,0,0,501,0,321,89,77,91,64,252,0,252,171,0,0,246,0,87,228,0,94
"47",0,0,0,0,0,0,0,0,0,0,0,0,49,0,0,55,0,59,0,0,58,0,0,123,0,55,69,0,0,0,125,0,55,57,0,0,0,111,57,0,54,0,106,0,106,69,0,0,0,109,56,57,110,45,0,0,0,0,135,0,170,0,0,0,55,113,51,0,155,0,0,162,122,59,0,64,211,57,0,108,114,269,0,53,53,102,209,54,236,171,0,71,60,108,56,107,0,161,116,64,223,121,281
"48",0,0,0,0,0,0,0,0,0,0,0,0,107,112,0,0,0,0,121,109,0,105,119,99,0,105,109,0,0,0,0,0,103,0,0,116,124,115,109,211,0,0,0,0,120,102,114,0,0,0,0,0,117,211,99,114,0,414,121,111,106,115,94,108,302,0,0,327,100,115,0,0,101,0,413,323,327,111,224,108,109,227,537,215,188,110,118,0,96,223,452,225,0,122,99,0,309,210,105,329,530,318,121
"49",0,0,0,0,0,0,31,0,0,0,42,0,0,0,0,0,33,34,24,0,0,0,28,37,28,0,58,0,0,0,0,28,0,0,0,24,0,0,28,25,0,33,0,62,0,45,0,27,25,22,46,29,0,0,0,96,64,26,32,50,29,64,81,36,25,0,0,39,0,26,27,56,0,0,0,24,39,0,64,39,38,33,51,30,176,72,130,90,26,36,31,63,130,64,120,88,35,22,29,0,54,34,69
"50",0,0,0,0,0,0,0,0,0,0,71,0,88,78,83,0,0,85,76,0,98,0,0,0,67,0,0,0,0,78,0,88,0,0,163,0,0,0,65,0,83,0,142,78,168,57,0,0,72,79,73,71,81,205,177,0,0,76,176,323,0,149,0,0,154,84,255,79,0,217,228,240,147,167,0,0,153,0,247,176,79,143,260,0,77,79,241,231,76,239,213,244,0,88,82,76,76,0,72,0,165,157,162
"51",0,0,0,0,95,0,0,94,0,0,0,0,0,0,0,90,0,193,0,103,0,205,0,0,0,89,0,0,0,0,0,0,0,109,99,0,0,101,0,0,94,195,0,180,0,167,88,0,102,85,78,0,109,188,202,200,187,95,300,102,98,317,0,444,0,0,93,0,98,94,108,90,223,105,95,301,97,0,280,0,209,88,203,90,502,93,180,108,194,513,95,195,297,0,114,0,99,281,89,88,196,90,0
"52",0,0,0,0,0,0,0,0,0,168,0,185,0,0,0,0,134,0,0,144,0,154,139,175,0,0,0,0,0,0,139,135,141,0,0,147,144,136,0,0,148,152,156,159,625,473,0,148,274,0,441,0,0,152,452,0,297,174,125,284,425,150,316,0,0,141,166,133,0,332,129,160,0,133,144,135,161,172,159,0,124,0,304,307,161,279,591,133,458,155,149,154,0,279,600,448,310,282,600,163,0,166,442
"53",0,0,0,0,0,0,0,0,0,0,0,43,0,0,0,0,0,0,0,30,99,0,0,47,0,0,0,0,0,90,0,0,42,47,0,0,0,0,141,32,39,45,45,0,51,81,45,47,54,0,0,0,92,0,99,52,110,43,76,42,30,92,0,0,46,0,0,77,96,0,41,52,0,37,39,0,95,89,161,42,158,50,182,150,90,0,135,36,148,0,139,157,47,0,52,173,53,0,97,101,80,96,244
"54",0,0,0,0,0,0,0,0,0,0,0,67,0,0,0,0,0,0,58,0,0,0,65,0,0,60,55,0,0,0,0,49,0,0,100,43,0,100,0,0,0,110,106,0,0,0,0,59,0,58,60,0,52,0,61,57,50,0,0,59,149,0,55,57,99,243,0,0,0,62,48,0,151,52,52,97,153,0,51,178,121,0,263,46,52,115,60,210,252,210,212,102,0,140,52,225,55,153,156,58,0,61,107
"55",0,154,0,0,0,0,0,0,0,0,0,0,0,0,0,0,143,0,0,164,0,0,0,0,158,156,136,0,0,0,145,160,148,0,0,0,0,0,0,151,0,153,149,162,0,0,136,135,0,309,153,0,161,147,0,0,0,149,154,0,332,0,139,317,0,522,333,469,141,294,298,163,291,307,478,307,457,294,329,139,318,143,455,165,312,0,163,500,317,978,614,0,313,156,169,599,468,665,165,159,0,0,0
"56",0,0,0,0,0,0,0,0,0,0,0,0,251,163,0,0,0,0,139,0,0,0,128,0,259,270,0,0,130,124,132,0,138,234,136,131,131,298,382,130,0,0,108,117,148,157,0,127,135,124,0,0,0,271,121,256,127,138,0,128,0,0,117,411,244,117,0,266,128,0,0,112,417,0,548,278,259,528,267,345,276,261,0,253,0,238,494,119,122,125,127,488,134,257,0,0,0,0,389,132,0,129,280
"57",0,0,0,0,0,75,78,74,0,0,99,0,0,154,0,0,0,0,0,0,0,0,0,0,0,0,0,0,0,0,67,0,77,89,70,87,84,0,0,0,138,186,0,81,0,0,0,141,220,0,0,0,0,98,236,65,0,174,0,70,326,100,85,227,299,164,0,76,235,163,84,79,148,174,278,240,0,245,72,141,96,0,0,78,0,79,167,70,90,213,85,312,216,66,0,89,254,87,81,93,0,123,146
"58",0,0,0,0,0,0,0,0,0,0,0,0,0,0,0,0,131,0,0,0,122,0,127,142,0,0,0,239,289,0,143,0,154,127,0,0,0,0,0,0,387,405,0,265,122,0,126,0,137,261,142,120,127,138,123,0,0,125,0,388,135,0,256,368,0,123,140,508,260,125,0,123,141,263,517,107,262,0,255,253,109,270,139,122,255,274,373,143,608,0,133,261,0,141,310,115,118,0,255,139,377,385,262
"59",0,0,0,0,0,0,0,0,0,29,0,0,0,0,0,15,54,0,0,0,0,0,0,15,18,0,20,37,0,12,0,9,25,0,0,14,0,17,0,0,45,27,19,15,18,16,0,17,0,0,15,20,0,29,19,48,45,58,28,0,44,26,82,0,0,95,0,0,27,23,0,0,45,45,46,16,21,20,14,45,47,62,25,32,59,18,62,17,0,69,47,34,0,33,51,31,42,49,45,19,53,44,28
"60",0,0,0,0,0,0,0,0,0,0,0,0,0,0,0,0,66,66,115,58,0,0,0,0,67,52,0,0,0,130,0,0,69,0,0,0,0,51,305,116,134,60,0,0,0,123,116,0,0,143,184,111,64,0,0,0,126,58,0,0,61,188,57,0,55,120,53,0,0,0,0,51,131,56,108,48,230,0,326,104,66,56,54,93,60,157,61,0,237,107,168,172,128,0,0,135,116,0,0,238,0,138,112
"61",0,0,0,0,0,0,0,0,0,190,0,0,188,0,175,0,0,0,0,212,0,0,0,0,0,0,373,195,0,0,0,0,0,368,0,0,0,0,0,0,178,364,0,0,172,689,180,0,0,0,355,172,192,518,188,353,191,0,347,156,182,533,744,356,0,167,335,367,173,334,560,0,0,168,571,353,381,173,180,349,183,534,0,373,173,396,370,0,529,678,188,378,167,0,374,0,189,353,170,351,171,356,377
"62",0,0,94,95,0,0,0,0,0,0,0,76,0,0,0,0,89,0,97,0,0,0,0,82,195,0,0,96,0,0,90,199,0,85,0,99,181,0,0,90,0,76,171,173,92,96,193,0,0,284,101,186,281,82,285,0,93,83,94,79,0,0,84,96,360,254,105,0,190,0,0,0,0,92,118,463,282,0,0,206,0,85,169,84,0,435,0,227,0,0,264,301,107,0,0,194,0,80,183,275,0,100,444
"63",0,0,0,0,0,0,0,0,0,0,0,0,0,0,0,0,133,0,0,0,139,0,264,142,0,132,0,120,0,137,0,0,0,127,126,0,0,318,158,132,145,118,0,305,156,117,146,150,0,0,143,272,140,0,271,296,258,132,0,142,272,0,0,0,0,287,420,411,0,137,0,269,142,387,274,152,0,273,300,547,136,274,0,302,268,126,132,288,128,141,0,131,401,277,0,516,563,0,382,151,406,430,115
"64",0,0,0,0,0,0,0,0,0,0,0,0,138,0,0,120,0,130,0,118,0,0,113,0,0,0,0,113,132,0,0,0,112,136,0,0,240,114,0,110,241,124,122,135,130,346,0,250,0,243,0,133,124,247,118,222,257,259,224,247,236,0,0,0,230,384,110,368,130,245,0,240,0,268,118,0,0,137,112,0,0,118,0,330,236,111,0,352,118,365,367,466,0,494,0,249,0,248,400,367,130,0,237
"65",0,0,0,121,146,0,0,0,0,0,0,135,0,0,0,138,0,0,0,0,0,140,0,146,0,112,0,0,0,0,0,137,155,0,130,138,154,287,0,171,408,147,0,0,0,410,150,0,0,123,461,121,0,0,0,0,131,286,153,0,451,0,278,142,148,296,131,0,138,161,151,139,145,134,143,440,281,132,0,300,269,429,147,0,402,283,0,166,280,447,590,293,147,442,137,587,443,277,454,149,0,0,293
"66",0,0,0,0,0,0,0,0,0,0,0,0,0,70,0,0,49,0,53,0,0,0,0,0,0,0,0,60,0,137,0,0,62,0,0,44,63,43,52,78,66,52,135,57,116,99,137,54,177,0,0,124,0,0,55,63,59,0,127,180,0,50,55,179,52,0,123,57,52,53,0,62,65,0,107,57,187,64,46,51,172,0,52,70,122,0,66,204,60,118,281,0,48,56,318,227,116,190,64,119,52,70,0
"67",0,0,0,0,0,0,0,0,0,0,0,0,0,0,0,0,0,0,78,0,89,0,0,75,65,0,75,0,0,75,0,0,68,156,0,0,76,65,0,0,87,227,77,76,72,0,64,0,68,0,0,153,73,0,60,0,149,86,164,59,0,65,136,163,145,66,151,80,137,59,69,231,75,62,77,0,147,54,76,230,0,0,62,306,151,71,59,153,0,304,285,0,297,140,0,86,156,236,159,0,232,342,58
"68",0,0,0,0,0,0,0,0,0,0,0,0,81,0,0,79,70,0,78,79,0,221,0,0,165,0,74,0,0,60,0,0,77,0,0,0,85,0,0,73,79,121,0,62,62,65,74,64,0,67,0,73,63,74,63,142,0,152,0,78,80,158,0,90,0,138,160,75,140,60,0,138,217,234,0,99,0,136,150,145,0,0,128,72,138,213,0,90,153,367,0,340,142,229,63,0,65,204,81,226,0,238,144
"69",0,0,0,0,0,0,0,44,0,0,34,25,0,0,0,0,0,0,36,38,32,0,74,60,0,0,107,0,33,35,0,0,0,0,0,0,28,41,0,30,0,0,0,88,38,33,64,0,65,55,0,0,27,31,0,33,34,67,33,31,66,104,24,0,25,0,63,110,87,82,50,27,0,0,55,83,67,28,38,24,38,23,59,0,27,140,97,46,0,0,164,39,58,23,55,144,0,0,27,103,106,31,0
"70",0,0,137,0,0,0,0,0,0,0,0,0,123,0,0,144,0,148,0,0,251,0,0,0,266,0,126,0,139,0,141,0,116,245,260,0,0,0,0,0,0,162,249,126,0,0,392,0,136,148,0,158,0,0,262,0,0,0,121,431,136,0,118,127,382,0,149,123,264,0,274,0,231,126,150,136,0,0,257,401,124,0,134,267,135,127,0,387,226,134,389,285,526,269,400,653,383,281,250,277,0,510,255
"71",0,0,0,0,0,0,0,0,0,0,137,0,0,145,0,257,0,134,0,0,139,0,0,0,264,0,0,120,0,136,0,252,239,0,0,0,0,0,0,0,138,143,394,121,0,0,0,260,142,0,294,0,245,135,244,0,0,268,266,302,142,131,0,403,0,124,136,129,136,297,131,0,0,0,262,297,112,253,128,120,403,139,156,767,437,0,393,0,0,408,267,555,261,262,240,281,142,123,274,0,499,0,151
"72",0,0,0,0,0,0,0,0,45,0,0,0,35,0,0,0,0,0,0,0,0,0,102,0,0,0,100,0,52,33,49,49,42,120,37,98,0,0,0,45,82,44,0,43,0,49,33,39,89,43,0,155,0,0,82,0,0,82,0,168,0,167,40,134,41,0,43,52,44,48,125,42,0,0,0,0,47,84,100,0,0,93,0,0,41,69,42,46,0,49,46,127,0,35,130,134,150,144,38,141,253,38,120
"73",0,0,0,160,0,0,76,0,0,0,0,0,63,0,0,0,0,0,0,0,0,0,0,0,58,0,57,68,0,206,0,0,71,0,0,0,203,142,0,0,0,0,79,273,61,140,64,453,72,149,130,0,152,135,202,63,63,84,67,0,72,0,0,0,0,0,160,65,0,87,0,77,148,84,0,87,289,0,156,136,412,60,0,0,0,75,64,0,144,266,65,214,68,147,158,0,162,0,202,63,270,0,74
"74",0,0,0,0,0,0,0,0,0,0,0,0,0,0,0,0,41,0,0,0,0,71,134,0,0,0,0,68,0,0,108,52,0,100,0,48,53,0,0,117,165,0,0,97,0,0,95,0,95,0,59,127,0,0,55,99,0,58,57,179,142,162,163,107,108,57,0,0,0,52,48,0,45,56,110,109,42,0,0,61,48,61,48,61,169,180,51,45,55,161,59,44,54,62,37,50,214,289,174,214,54,48,109
"75",0,0,0,0,0,0,0,0,0,0,0,0,0,0,0,0,0,0,94,84,0,92,0,0,0,83,0,0,0,80,0,0,0,0,80,73,0,78,0,165,0,0,165,0,0,74,0,0,0,65,0,84,0,89,267,0,90,85,80,165,81,75,171,174,342,91,0,76,91,165,82,76,150,162,148,252,162,82,90,0,0,69,0,99,61,340,237,150,168,290,163,239,89,262,79,286,256,236,244,90,0,157,158
"76",0,0,0,0,0,0,0,0,0,0,0,0,40,36,0,0,0,0,0,0,0,33,0,31,85,0,0,40,0,34,35,0,0,45,78,78,0,0,42,41,83,76,0,92,44,0,0,129,0,0,0,40,0,90,0,0,37,83,0,0,162,82,81,44,50,31,41,83,42,90,81,39,45,0,0,166,173,0,38,160,40,46,51,0,0,0,129,75,74,42,124,106,0,82,44,131,38,88,224,129,0,31,28
"77",0,0,0,0,0,0,0,0,0,0,0,0,0,0,0,64,0,0,0,76,0,65,0,0,75,161,0,65,0,0,0,0,62,136,0,71,0,0,0,0,0,145,0,0,81,57,0,80,63,70,56,0,149,217,0,62,67,0,141,64,0,0,139,74,72,145,67,0,64,59,76,138,295,210,0,0,0,130,145,231,0,436,137,0,0,168,0,294,140,207,80,61,156,218,0,202,142,68,0,60,61,450,389
"78",0,0,0,0,0,0,0,0,0,0,0,0,0,0,0,317,0,0,112,94,0,100,0,0,0,213,0,0,0,114,0,0,0,0,0,234,0,0,0,0,109,0,0,0,442,91,0,0,202,0,105,120,112,228,0,0,293,191,0,0,100,202,107,410,105,0,0,103,92,207,331,204,88,0,200,436,192,308,340,0,111,74,0,214,117,207,183,440,206,95,115,108,101,110,194,107,98,0,523,97,555,206,112
"79",0,0,0,0,0,0,86,0,101,0,0,0,0,101,0,0,0,0,122,0,0,0,0,166,91,0,105,0,84,0,0,0,96,92,106,0,0,0,0,0,0,0,290,272,173,211,100,268,430,0,94,0,85,0,192,0,87,91,0,0,0,190,178,257,175,101,82,0,213,191,278,248,94,95,379,98,84,0,74,0,195,187,96,373,210,167,0,0,0,97,296,100,0,0,186,267,272,195,81,245,0,0,86
"80",0,0,0,0,0,0,0,0,0,0,0,31,0,0,0,67,0,0,31,39,0,0,39,49,32,38,36,0,0,0,0,0,0,0,31,0,47,93,88,0,0,30,49,28,0,76,65,0,66,33,34,33,65,72,0,142,42,43,21,28,26,30,0,72,67,59,0,100,0,30,32,0,56,0,30,0,0,0,33,79,30,28,66,43,70,37,27,31,0,24,62,25,86,94,61,69,90,36,158,0,31,60,60
"81",0,0,0,0,0,0,0,0,64,0,0,0,61,0,0,0,62,0,0,0,0,73,0,0,0,146,0,0,0,0,69,0,63,75,67,82,0,137,0,0,66,0,49,64,80,0,65,0,0,0,0,65,325,0,128,70,139,64,74,0,0,148,216,115,0,82,148,80,74,69,179,152,84,0,153,75,141,0,146,77,0,0,62,295,141,290,228,75,219,0,324,153,271,201,136,145,73,64,65,0,0,146,61
"82",0,0,0,0,0,0,0,0,0,0,0,0,0,0,0,0,0,72,0,74,0,0,71,0,73,0,124,77,80,71,0,0,99,58,140,0,136,0,0,0,0,0,146,69,222,75,77,0,0,0,0,0,0,0,0,0,153,0,215,78,85,207,59,68,90,66,0,0,152,64,160,70,76,163,141,137,229,0,119,225,0,123,60,143,207,60,135,88,132,0,136,70,159,147,161,216,83,234,148,78,308,322,88
"83",0,0,0,0,0,0,83,0,0,0,0,0,0,0,0,0,85,0,0,0,0,0,0,0,347,0,0,0,84,0,0,0,0,0,0,87,84,115,0,85,0,67,82,0,0,91,90,0,163,87,91,93,170,94,0,0,197,95,74,262,101,106,153,92,0,83,183,92,80,341,0,184,185,0,337,0,97,169,260,90,0,171,244,0,157,89,0,88,88,246,502,101,82,234,267,181,0,172,82,176,361,76,174
"84",0,0,0,161,0,0,0,0,0,0,159,0,170,0,169,0,0,0,0,352,0,0,0,0,0,169,0,0,0,0,0,160,148,0,0,635,182,167,507,369,0,0,169,0,0,170,0,174,0,339,315,0,0,0,0,0,168,0,0,178,151,0,159,178,169,150,165,635,142,327,335,341,0,480,330,0,366,528,199,172,0,321,0,188,170,285,163,326,330,155,482,152,350,506,526,313,0,353,329,510,1019,190,311
"85",0,0,0,0,0,0,0,49,0,0,0,0,45,50,0,50,0,0,0,0,0,85,0,41,0,0,85,0,0,0,45,54,57,0,0,0,43,33,46,52,88,0,0,58,48,164,44,0,0,0,108,0,115,39,154,59,169,45,46,0,0,108,48,0,106,160,0,112,50,48,0,147,95,0,0,53,149,152,142,0,195,98,56,0,106,153,88,0,41,164,89,96,0,200,80,0,0,52,0,90,134,56,0
"86",0,0,0,0,61,0,0,69,0,0,0,65,0,70,76,0,0,0,58,0,0,54,67,0,59,0,55,0,62,47,128,112,0,0,0,66,111,0,0,67,0,70,0,0,55,65,0,108,53,73,0,60,49,0,0,58,0,60,123,0,121,117,49,333,0,64,65,0,58,0,67,175,64,121,247,107,113,58,62,0,177,62,111,62,111,0,63,313,0,0,55,193,215,0,108,115,178,134,65,0,120,74,110
"87",0,0,0,0,0,0,0,0,120,0,0,0,0,131,0,0,115,0,0,121,0,0,0,99,0,0,0,0,115,111,0,117,232,0,135,126,254,0,0,0,0,120,219,0,119,0,125,0,123,376,128,118,0,102,0,0,0,110,122,248,229,224,236,121,116,132,111,238,117,332,126,0,121,102,243,212,237,211,136,253,237,234,261,100,223,342,196,110,0,0,117,132,143,232,219,262,226,482,218,231,112,126,499
"88",0,0,0,0,0,0,0,0,0,183,0,0,0,0,201,0,0,184,0,182,161,367,0,0,349,190,0,0,359,0,0,0,0,0,178,0,0,331,344,0,185,0,0,0,170,0,0,0,0,0,0,180,0,202,310,0,0,0,174,154,362,364,0,0,159,345,369,168,543,160,391,347,344,546,520,341,490,346,197,187,174,346,0,179,493,197,169,369,503,169,715,171,696,0,187,376,183,1032,358,201,176,176,187
"89",0,0,0,0,0,0,0,0,0,0,0,83,89,0,0,166,0,0,0,0,70,0,0,0,87,171,98,0,162,73,84,0,0,0,174,88,0,91,81,0,0,89,86,0,72,0,0,149,84,85,66,0,138,0,179,80,154,84,85,88,175,148,87,175,84,77,183,374,125,0,87,0,0,78,0,83,67,174,0,154,247,84,0,77,81,78,216,71,71,0,171,328,330,74,154,242,0,161,83,151,0,231,164
"90",0,0,0,145,135,0,0,0,0,0,139,159,0,0,0,0,135,0,0,146,133,0,0,0,0,0,161,0,0,138,0,0,266,299,453,154,272,0,0,0,0,0,150,156,133,0,125,0,0,151,141,0,152,0,421,0,0,149,132,146,302,121,312,430,127,0,428,0,162,0,0,155,391,149,719,141,134,146,0,384,143,0,584,132,143,130,127,0,282,0,427,306,290,544,442,145,296,462,148,417,303,306,0
"91",0,0,0,0,0,0,0,0,0,126,0,0,0,0,0,0,0,297,0,457,138,147,0,0,0,0,0,0,0,130,0,0,158,149,135,148,124,0,0,415,133,159,587,300,139,130,295,0,0,134,0,390,0,253,130,138,283,125,146,0,137,297,153,302,153,141,577,287,0,0,0,145,832,308,264,715,131,0,119,389,0,0,139,128,432,126,0,0,0,164,0,155,573,0,136,151,323,133,145,420,255,129,0
"92",0,0,0,102,0,0,0,0,0,0,84,0,0,0,0,0,82,0,0,0,0,0,76,165,0,86,0,0,0,0,72,0,90,0,0,88,152,0,95,0,0,378,93,98,98,0,0,100,0,260,91,189,152,161,293,265,0,0,0,112,193,92,0,95,99,92,84,0,97,77,189,192,0,366,0,0,277,180,261,95,290,121,0,88,157,0,86,0,100,0,182,277,189,80,87,83,203,207,78,170,459,183,292
"93",0,0,0,0,0,0,0,0,0,146,0,0,0,0,135,0,0,0,139,0,0,0,311,123,183,0,134,143,0,160,300,278,147,136,124,0,145,0,142,135,0,0,156,0,129,141,299,143,139,0,0,259,0,0,0,272,0,140,279,303,283,132,120,0,0,139,587,277,0,134,0,0,0,120,260,313,163,129,561,0,286,0,136,306,578,0,392,143,545,121,543,406,0,290,139,412,0,309,121,142,139,675,0
"94",0,0,0,0,0,0,70,0,0,0,0,0,0,0,0,0,78,0,71,49,0,72,0,0,0,64,0,84,73,77,0,0,63,68,0,146,0,62,63,114,0,0,0,62,79,56,76,138,75,0,124,0,0,64,143,135,59,0,0,211,0,70,133,71,57,0,68,144,130,129,0,122,0,0,141,205,66,231,260,212,70,0,180,79,55,0,132,66,83,0,118,57,0,57,115,131,185,48,187,116,0,272,197
"95",0,0,0,0,0,0,0,0,0,0,0,0,0,0,0,0,0,279,0,0,139,113,0,0,134,124,126,0,145,0,123,144,0,0,0,409,287,253,0,121,262,126,228,273,127,141,122,147,125,138,136,0,129,0,0,143,270,0,0,144,0,136,0,0,135,295,129,148,131,263,0,533,131,0,151,366,272,421,246,126,139,0,494,255,129,489,144,0,121,273,135,424,683,271,425,0,305,0,131,120,121,0,248
"96",0,0,0,0,0,81,0,0,0,0,0,0,0,0,0,0,81,0,0,0,0,154,0,0,0,0,0,0,0,0,0,0,88,87,69,0,76,0,0,175,0,0,0,152,250,0,84,0,169,87,0,0,143,81,84,164,78,0,87,163,90,181,97,327,0,0,86,81,0,103,168,180,179,0,152,170,144,86,102,153,234,249,0,89,151,0,164,78,252,230,187,169,185,80,92,90,335,0,191,247,174,251,246
"97",0,0,0,0,0,0,0,0,0,0,0,84,73,0,0,164,73,0,78,79,81,81,0,74,0,0,0,0,144,0,0,60,76,0,93,0,0,66,144,0,0,0,73,0,80,0,61,74,0,55,0,72,0,0,205,77,0,80,78,0,61,77,69,76,75,73,71,150,0,0,0,140,67,140,70,65,63,77,307,79,200,114,0,0,244,125,142,269,269,0,0,268,61,63,274,67,227,68,213,148,235,51,221
"98",0,0,0,0,0,0,0,0,0,133,0,122,0,0,0,0,0,0,119,516,141,109,0,134,0,0,115,140,0,0,133,0,221,106,116,232,110,0,0,131,0,0,0,0,215,356,0,124,122,0,0,126,0,0,235,194,126,0,124,117,228,110,0,226,110,240,117,247,0,253,125,132,0,0,121,129,451,255,119,117,0,120,0,241,417,120,250,355,361,221,493,246,0,0,344,0,0,111,449,121,0,467,246
"99",0,0,0,0,0,94,0,109,0,0,0,0,93,0,96,210,0,117,100,0,0,349,0,0,0,0,122,99,0,0,0,0,0,0,0,0,111,0,0,0,205,123,223,0,95,0,0,0,217,456,0,0,0,112,208,200,0,0,101,226,103,301,0,0,0,319,0,103,317,127,93,448,190,105,351,336,98,0,329,0,0,107,194,86,209,407,346,96,317,0,308,0,196,121,0,213,197,85,88,98,229,0,458
"100",0,0,0,0,0,0,26,0,0,0,0,0,30,0,0,0,0,0,0,0,0,29,0,0,24,0,0,0,0,0,0,0,0,0,0,58,27,18,54,46,23,0,28,61,0,23,77,0,0,0,42,34,0,0,24,76,0,0,47,0,29,26,63,21,0,110,35,0,80,34,24,0,109,135,35,100,0,33,52,52,59,56,26,0,52,29,0,25,27,22,85,67,0,0,0,83,0,97,126,96,92,0,72
"101",0,0,0,0,0,0,0,0,91,0,0,0,0,0,0,0,89,92,0,160,175,0,0,0,83,91,0,0,0,0,250,90,167,74,241,79,0,0,93,0,78,171,177,0,0,78,80,80,96,86,80,158,80,0,182,0,69,78,171,175,90,85,0,0,183,183,72,66,76,95,93,178,419,0,68,0,0,0,94,323,0,74,90,0,217,0,169,158,0,0,88,97,184,190,268,284,170,169,85,149,0,402,0
"102",0,0,0,0,0,0,0,0,0,0,0,100,0,110,0,0,0,101,0,0,0,99,0,0,0,195,0,200,0,0,170,0,0,311,0,84,0,0,86,209,0,0,0,0,0,188,101,173,101,112,93,96,0,170,224,78,0,305,0,208,192,0,0,0,89,0,0,191,196,0,0,187,191,0,91,93,93,285,172,0,91,0,91,0,181,0,0,109,306,389,234,194,93,406,207,604,380,195,293,0,110,318,198
"103",0,0,0,0,0,0,0,0,0,0,0,0,0,0,0,48,0,0,0,0,0,44,0,52,0,0,0,0,0,0,53,49,0,55,44,0,94,50,0,100,0,265,58,65,106,99,0,0,0,66,67,0,0,0,106,94,101,110,113,0,144,118,51,0,57,118,0,0,55,223,63,114,86,57,244,0,117,155,53,52,0,0,285,0,123,42,106,50,60,51,0,50,0,51,0,0,90,154,103,106,118,256,50
"104",0,0,0,0,0,0,0,0,0,0,0,0,0,0,57,130,0,63,0,0,0,0,0,0,0,63,0,62,0,0,73,52,67,0,70,0,70,57,68,118,0,144,63,73,0,0,0,192,0,0,71,74,0,0,157,79,70,136,136,0,343,64,196,184,0,135,116,0,62,112,136,76,75,76,0,69,0,0,0,150,132,0,62,0,0,64,63,137,0,0,149,185,309,62,0,66,499,400,0,134,72,281,60
"105",0,0,0,0,0,103,0,0,0,0,0,0,0,0,84,75,0,0,0,0,0,0,0,0,74,91,171,0,158,0,155,78,99,0,0,84,159,0,0,75,0,68,0,0,97,0,0,0,0,91,0,92,0,68,0,0,0,150,0,95,363,138,0,0,156,222,240,175,165,179,78,82,0,167,85,165,157,253,0,0,0,167,273,277,82,277,320,0,0,155,175,87,0,0,160,189,542,0,151,266,70,325,87
"106",0,0,0,0,0,0,38,0,44,0,0,0,0,0,41,0,0,0,0,0,0,0,0,0,35,0,0,0,0,0,0,79,0,0,0,0,0,39,47,0,95,89,43,0,86,46,93,32,0,34,124,0,36,45,48,0,137,0,92,42,47,0,160,130,0,46,88,44,44,89,0,121,80,47,50,192,36,28,45,119,0,0,94,0,144,48,40,0,150,83,76,94,35,49,83,73,108,37,37,42,67,85,77
"107",0,0,0,0,0,190,0,0,0,0,0,0,0,0,324,0,0,0,0,0,0,0,345,183,163,0,0,180,181,0,0,0,0,181,0,0,0,331,185,0,0,0,356,0,362,0,167,348,0,166,0,354,189,0,0,196,167,181,0,160,184,0,0,369,174,177,0,366,377,693,168,0,363,0,667,303,362,555,0,692,713,163,0,161,178,185,358,717,343,0,373,212,174,166,371,0,711,727,350,350,357,372,322
"108",0,0,0,0,0,0,0,61,0,0,0,0,0,0,0,0,0,0,0,0,80,0,0,0,0,0,0,0,0,72,98,160,85,0,0,0,0,150,73,188,0,73,0,79,0,79,64,84,83,78,79,0,0,151,166,84,159,265,0,77,0,164,73,163,75,172,79,85,0,143,0,71,412,255,58,77,0,160,76,167,253,168,131,244,168,232,141,165,0,0,170,0,0,0,330,252,322,141,236,187,0,94,77
"109",0,0,0,0,0,0,0,0,0,0,0,158,0,0,0,169,0,0,156,536,0,0,171,339,0,0,185,186,0,0,0,0,0,0,507,0,0,0,159,0,182,0,161,192,167,539,178,0,187,360,0,363,166,0,0,360,164,371,173,198,350,198,158,179,172,180,0,0,169,337,0,163,0,347,362,0,503,350,340,378,176,169,328,165,172,188,483,152,370,194,0,528,159,689,0,349,382,653,337,826,170,190,173
"110",0,0,0,0,0,0,0,0,0,0,0,0,129,0,0,0,0,0,0,0,120,126,0,0,0,126,228,0,0,0,0,114,0,237,0,130,122,233,0,126,0,119,122,640,125,237,139,0,243,0,0,266,102,382,234,351,0,115,0,124,229,0,227,115,123,246,262,123,235,133,326,111,120,0,0,243,110,225,121,0,127,463,377,109,125,120,370,0,0,108,115,263,340,265,120,141,250,0,111,102,250,458,0
"111",0,0,0,0,0,0,0,175,0,0,156,0,0,0,0,0,0,0,0,175,0,0,0,163,0,179,0,0,0,171,149,319,0,0,0,0,0,148,0,0,168,155,160,0,293,145,0,321,0,335,147,160,310,315,146,157,0,301,313,308,152,158,662,153,178,0,287,445,0,302,147,154,0,144,0,150,155,0,0,482,130,162,152,329,175,306,446,619,156,0,323,328,157,167,162,614,770,327,0,0,423,454,455
"112",0,0,0,0,0,0,39,0,0,0,78,0,0,24,48,0,0,24,0,0,42,0,29,0,0,52,37,39,43,0,0,0,37,44,0,46,0,37,0,0,0,94,0,31,41,44,0,83,0,76,0,0,37,125,164,123,39,42,86,126,58,37,0,0,46,0,0,40,36,38,0,37,35,48,82,41,34,82,0,31,45,0,30,0,74,51,72,55,170,0,109,81,42,77,39,62,109,89,124,39,101,161,37
"113",0,0,0,0,0,0,0,0,0,0,0,0,0,0,0,79,0,0,0,0,0,0,0,168,69,0,0,59,80,84,141,0,75,155,160,0,145,0,173,66,163,0,70,0,258,0,166,66,0,0,80,64,72,88,224,160,73,147,0,74,64,74,0,0,97,229,83,0,88,77,82,100,340,129,0,158,0,243,151,80,83,240,128,65,58,165,91,0,220,216,163,67,65,63,93,146,178,0,0,163,84,210,63
"114",0,0,0,0,0,0,0,0,0,0,27,0,0,0,0,0,0,74,0,0,0,0,0,23,33,33,48,32,61,0,0,0,40,38,40,35,0,0,44,0,46,0,0,95,35,0,38,81,38,0,87,45,115,42,0,106,33,50,0,80,87,27,0,0,114,41,88,0,46,40,75,78,31,182,38,106,117,83,0,76,69,60,0,78,38,81,0,80,0,0,36,79,68,0,97,0,67,104,26,136,0,0,77
"115",0,0,0,0,0,0,131,0,0,0,0,0,0,0,0,0,264,0,0,0,125,117,0,139,0,135,0,238,134,264,0,127,137,243,0,0,0,375,0,240,119,0,273,119,257,396,130,0,113,240,0,129,0,476,0,267,122,0,137,150,144,0,0,371,122,0,133,247,381,134,121,124,0,124,108,0,408,0,0,110,125,0,124,275,135,407,149,111,128,235,267,242,126,0,140,388,0,601,149,366,355,237,0
"116",0,0,0,0,0,0,0,0,0,0,0,0,0,0,0,0,72,0,72,0,0,0,74,0,0,66,0,0,67,56,67,0,144,0,0,141,63,59,0,150,0,58,0,0,0,0,73,74,75,0,0,67,161,144,67,0,62,65,197,118,67,132,60,0,257,136,132,0,195,64,48,204,278,205,56,0,74,122,65,64,58,187,0,132,59,0,57,202,187,65,79,60,68,68,121,140,60,0,129,214,146,0,266
"117",0,0,0,0,0,0,0,0,0,0,0,108,0,0,0,0,0,0,0,194,0,99,0,0,0,0,106,98,0,90,118,0,203,0,0,0,178,288,196,97,0,0,0,0,0,382,0,100,0,171,0,0,109,88,203,111,107,90,198,100,0,114,200,192,217,189,195,205,92,97,113,0,302,0,95,316,175,291,338,0,97,178,299,186,93,0,0,0,309,103,295,0,197,98,279,208,204,280,108,89,0,91,204
"118",0,0,0,0,141,0,0,0,0,0,0,0,0,0,0,0,93,0,0,0,234,0,0,128,0,0,124,0,134,0,215,121,0,224,127,126,119,0,0,121,0,122,235,101,113,109,0,117,0,213,112,126,242,103,0,113,0,0,0,0,373,0,0,117,0,122,119,229,228,191,230,444,124,128,228,351,119,232,233,331,112,233,0,228,231,0,330,0,247,0,344,114,114,0,139,128,0,658,341,117,240,483,122
"119",0,0,0,68,0,0,0,0,0,157,0,117,0,0,0,54,68,0,63,0,0,0,75,64,0,144,0,57,0,0,53,0,0,0,0,0,167,0,141,0,0,0,0,60,0,0,0,0,0,0,65,72,0,0,0,0,214,192,64,59,208,78,132,0,0,65,133,0,0,138,69,79,277,129,151,125,196,76,206,0,55,78,144,66,280,272,210,348,71,73,67,199,130,0,54,129,67,130,136,73,66,74,66
"120",0,0,0,0,0,0,0,110,0,101,96,0,0,0,0,0,0,0,135,0,127,0,0,106,115,109,0,243,0,0,0,109,204,0,0,0,0,110,0,0,0,109,0,237,134,119,99,117,116,221,0,222,0,0,116,97,108,0,122,130,119,239,353,224,135,117,0,125,0,0,0,223,354,0,94,334,216,126,119,0,237,229,319,229,0,224,257,378,99,109,101,117,0,466,107,497,115,118,224,231,486,236,440
"121",0,0,0,0,123,0,0,0,0,0,121,0,0,0,0,0,110,0,112,0,0,0,0,0,0,0,0,0,0,0,243,221,115,103,0,0,114,0,204,0,0,129,0,117,0,226,257,201,126,116,129,129,0,0,0,239,0,239,124,0,229,225,112,233,116,98,107,122,0,0,466,343,101,323,0,245,405,0,0,97,0,126,208,368,107,424,100,224,195,238,246,0,0,235,231,115,248,190,106,225,339,551,88
"122",0,0,58,0,0,0,0,0,0,50,0,0,0,0,0,56,0,0,0,0,0,0,0,0,66,135,0,0,58,0,127,0,0,60,0,64,55,121,66,124,0,0,60,54,53,54,74,127,206,74,0,128,0,0,65,120,123,0,58,59,65,257,42,0,87,119,69,215,123,0,70,53,0,0,117,83,71,55,63,55,115,118,0,172,64,65,65,0,70,69,108,115,0,183,325,208,80,311,60,0,176,55,62
"123",0,0,0,0,0,0,0,0,0,0,0,0,0,0,41,0,0,0,0,0,0,0,59,0,0,0,60,52,0,0,0,0,64,118,53,71,0,0,54,0,71,50,0,0,0,0,46,160,0,110,128,0,111,60,175,72,105,0,46,51,109,48,62,0,63,64,182,58,123,220,0,0,56,277,0,154,0,152,58,156,64,0,56,68,0,180,0,184,52,0,110,151,0,48,134,0,186,221,163,143,52,214,50
"124",0,0,0,0,0,0,0,0,0,0,74,66,0,0,0,0,0,0,77,0,67,69,0,0,55,260,0,0,60,63,0,155,0,72,0,0,67,0,0,72,62,74,149,0,0,0,0,0,0,67,0,145,131,0,134,0,70,0,67,66,0,134,67,71,60,268,194,132,132,274,67,71,0,63,0,132,164,0,145,81,286,182,71,135,0,64,128,0,190,207,58,137,82,58,120,252,55,216,69,134,0,64,78
"125",0,0,0,0,0,0,0,0,32,0,37,0,44,0,0,0,0,0,0,0,0,61,0,0,0,0,0,27,0,0,0,37,0,39,0,45,40,45,0,45,0,29,47,31,0,81,0,0,33,0,47,32,0,35,0,91,37,0,34,0,77,117,78,78,39,38,0,0,88,110,54,44,75,33,0,43,80,30,78,86,77,38,33,44,30,43,86,83,168,161,51,73,0,77,0,0,61,201,137,168,83,69,158
"126",0,0,0,0,0,0,0,0,0,0,132,0,0,0,0,0,0,147,0,0,0,133,0,0,0,0,0,129,138,0,263,0,0,0,129,263,0,147,126,0,272,0,0,134,277,0,121,149,121,138,309,416,262,401,125,136,135,0,0,0,264,0,284,153,0,0,0,142,135,125,281,125,250,0,238,159,128,396,412,135,148,128,0,0,424,231,435,425,433,282,0,0,410,296,285,685,138,406,129,265,292,155,285
"127",0,0,0,0,0,181,0,0,168,0,0,0,0,0,180,0,0,378,0,184,0,0,754,0,170,719,0,0,0,190,356,163,0,0,173,182,0,0,0,189,0,515,0,167,186,386,190,186,184,0,202,599,175,0,355,0,178,413,0,187,0,169,0,0,165,184,387,190,166,186,0,358,402,0,191,369,375,186,0,0,197,398,207,0,383,388,355,915,0,182,339,0,353,371,0,211,529,342,583,176,393,191,744
"128",0,0,183,0,0,0,0,0,0,0,0,90,0,0,0,0,0,0,89,179,165,182,167,80,0,0,0,0,79,0,90,0,82,194,0,103,69,0,179,88,0,105,0,0,87,0,93,0,98,0,93,0,0,81,86,385,101,0,84,265,90,0,184,97,102,96,88,181,86,173,181,257,93,0,76,0,99,0,0,0,169,96,0,76,170,0,0,230,204,172,457,195,164,0,471,94,0,234,164,179,164,174,197
"129",0,0,0,0,0,0,0,0,0,0,0,0,0,190,0,0,0,0,0,0,0,0,91,93,104,87,0,103,92,0,102,0,0,0,205,0,220,0,93,0,0,0,192,0,0,185,0,115,85,196,113,119,0,0,0,100,285,97,413,0,545,104,199,0,102,190,118,193,302,0,112,90,315,233,201,0,0,171,100,101,0,108,0,199,398,198,306,0,243,0,108,528,193,113,99,429,214,91,0,81,98,210,211
"130",0,0,0,0,0,0,81,0,0,80,0,0,0,0,0,0,0,0,0,0,0,0,59,0,0,0,0,0,78,167,66,0,78,0,0,153,83,127,66,0,0,0,71,51,208,76,146,212,0,0,0,65,0,0,0,64,68,62,147,150,157,212,0,210,76,59,237,145,76,153,144,0,149,0,140,128,129,71,67,75,77,205,88,79,146,282,137,84,212,71,58,140,0,0,72,154,67,220,92,69,136,75,133
"131",0,0,0,0,0,0,0,0,0,104,0,0,0,0,99,264,0,0,0,88,83,95,0,200,0,0,0,0,0,0,102,0,0,0,387,0,0,0,192,381,0,79,0,103,86,0,176,85,100,0,97,96,0,177,0,0,0,0,80,349,95,0,75,259,0,0,89,80,99,90,0,190,80,93,185,0,0,158,183,83,0,361,163,197,286,256,86,0,97,0,191,431,293,91,257,254,357,86,0,84,0,169,190
"132",0,0,0,0,0,0,0,0,0,0,0,0,101,0,97,0,0,0,0,0,0,85,93,0,93,0,0,0,0,0,80,0,0,0,207,96,0,0,0,98,195,99,0,102,95,0,0,0,101,367,0,0,89,94,96,102,204,104,190,105,102,108,200,209,0,0,218,118,96,306,101,325,85,91,290,307,94,91,302,98,219,287,102,222,0,0,111,286,102,0,0,226,236,375,102,302,82,300,303,188,527,0,0
"133",0,0,0,0,0,0,0,0,0,0,0,0,0,0,0,0,0,0,42,40,0,0,43,0,0,0,0,0,0,0,79,0,0,39,0,0,0,46,41,36,30,30,0,114,0,0,36,0,0,39,0,83,36,0,41,45,110,0,33,39,0,75,78,47,34,121,33,41,66,47,39,0,41,92,43,38,0,43,0,0,35,107,132,81,79,223,41,142,106,82,79,0,83,39,40,36,70,79,46,164,31,44,248
"134",0,0,0,0,0,0,0,0,0,0,0,0,0,0,94,0,0,0,0,0,0,0,0,0,190,77,96,0,0,0,0,0,0,0,83,284,165,105,0,0,86,0,0,0,86,84,89,97,0,76,84,0,91,75,0,0,204,89,0,90,0,95,0,69,190,178,0,74,94,187,244,189,0,236,339,160,191,115,0,79,176,163,385,91,174,89,443,90,186,0,193,88,366,85,352,165,171,182,163,0,244,184,187
"135",0,0,0,0,0,0,0,0,0,0,18,26,0,0,0,0,0,0,0,0,30,0,31,0,0,0,0,23,30,0,0,27,0,0,0,18,0,0,0,49,54,0,0,39,26,0,65,0,49,80,0,0,39,0,63,40,64,26,37,20,0,56,42,0,29,0,0,23,21,69,32,28,0,57,63,61,95,57,75,101,30,62,25,50,55,53,0,26,31,73,61,112,25,0,62,72,29,58,101,17,81,53,97
"136",0,0,0,0,0,0,0,0,0,0,0,0,0,0,0,359,0,0,0,0,0,0,153,0,312,0,132,0,334,0,0,0,159,148,154,152,0,149,180,0,0,139,0,0,0,339,0,0,161,168,146,177,177,0,0,163,0,461,0,316,0,459,455,0,317,459,319,0,154,330,454,151,139,187,0,154,330,435,528,154,319,133,159,165,0,144,137,283,298,654,478,157,477,321,353,151,320,161,414,172,493,342,177
"137",0,0,0,0,0,0,0,0,0,0,0,0,0,132,132,0,0,0,0,0,134,0,131,0,0,0,405,0,141,0,0,0,0,141,0,532,155,0,146,144,0,262,138,153,143,136,0,290,269,130,0,148,373,142,132,451,0,0,0,421,238,131,142,141,120,428,276,0,125,141,127,371,264,288,0,0,432,266,141,0,145,123,0,142,290,147,405,133,0,243,138,271,278,262,411,280,285,289,269,143,154,261,0
"138",0,0,0,0,0,0,0,0,48,62,0,0,0,0,52,0,0,0,71,55,0,0,0,59,57,0,0,59,110,50,0,0,63,52,0,0,49,193,0,61,0,0,65,112,56,0,0,0,53,109,122,0,52,49,69,49,59,63,106,68,0,127,0,79,120,0,181,0,0,109,0,0,56,109,165,250,56,114,0,0,56,169,154,107,49,267,101,117,53,54,0,213,143,118,0,0,58,60,116,278,98,0,0
"139",0,0,0,0,0,0,0,0,0,0,0,0,0,0,0,0,0,0,78,69,0,0,0,0,146,0,0,0,80,0,78,0,78,0,84,62,0,0,0,0,0,136,96,0,0,152,0,146,0,80,166,0,67,62,173,150,0,138,0,153,158,0,0,161,152,0,253,81,77,0,67,0,142,219,0,145,146,319,80,99,139,77,215,71,74,438,0,132,78,0,240,0,210,196,146,0,150,248,136,145,200,138,159
"140",0,0,0,0,0,0,0,0,0,121,0,0,0,0,112,0,98,0,103,119,0,0,0,0,129,0,0,0,108,104,0,212,0,0,0,0,239,0,113,208,119,0,110,242,0,0,115,0,0,115,242,126,111,119,0,330,126,117,120,123,0,134,129,0,138,203,131,108,251,489,107,103,114,0,476,249,227,129,107,243,125,112,351,239,316,338,242,331,0,211,99,120,109,0,243,347,116,116,341,104,0,233,346
"141",0,0,0,0,0,0,124,0,0,0,0,0,0,0,0,0,121,115,0,0,126,125,131,0,0,0,137,112,112,0,126,127,0,140,120,136,126,251,134,241,0,262,381,118,122,243,122,253,386,121,259,0,135,123,0,0,259,129,0,0,0,121,0,111,0,0,0,0,0,127,264,0,109,98,367,397,137,385,123,109,115,386,641,241,122,131,126,526,501,111,0,0,126,0,129,251,0,264,0,237,348,245,249
"142",0,0,0,0,0,0,78,0,0,65,0,0,72,0,75,0,74,0,0,0,0,0,0,67,0,0,90,83,0,0,66,70,0,84,68,83,141,0,58,0,148,0,79,79,0,0,143,69,147,79,0,75,153,69,0,70,0,90,170,78,0,83,0,84,0,241,166,0,76,0,0,224,74,0,174,152,238,71,231,77,364,0,270,159,77,170,78,291,0,150,77,144,0,0,234,139,0,149,0,147,425,219,72
"143",0,0,0,0,0,0,0,0,0,0,0,34,0,0,0,0,100,0,0,0,0,35,0,0,29,0,31,0,0,0,39,40,70,0,40,0,51,0,44,0,80,0,0,0,30,34,56,116,27,131,33,0,0,33,77,29,0,0,0,0,41,40,24,0,132,0,112,38,75,33,146,0,46,104,33,69,0,0,0,0,105,39,38,0,75,150,109,62,29,26,100,0,27,32,33,110,157,0,46,97,44,206,34
"144",0,0,0,0,0,0,0,0,0,0,0,0,0,0,0,0,0,0,0,101,0,0,0,0,0,0,194,0,0,96,86,87,105,171,186,0,85,100,106,85,98,82,91,92,170,101,106,0,101,87,0,96,90,0,0,0,183,189,82,275,184,0,0,0,0,172,93,96,83,0,0,109,90,174,85,206,84,198,0,196,0,333,176,0,100,112,77,84,260,260,194,180,85,92,68,304,294,181,99,659,492,98,107
"145",0,0,0,0,0,0,0,0,0,0,42,0,45,0,0,0,0,0,46,48,0,0,0,0,45,0,0,0,53,0,0,0,0,0,0,0,101,48,58,0,0,108,0,0,0,33,51,0,0,94,86,0,0,135,0,0,0,116,74,41,82,0,90,0,48,44,131,99,92,107,0,50,51,43,0,106,54,92,0,0,93,198,31,93,99,113,147,190,0,182,92,45,48,0,96,40,0,109,309,50,192,129,95
"146",0,0,0,0,0,0,0,0,0,0,0,0,138,0,142,0,0,0,0,0,0,0,126,0,0,146,0,0,0,0,289,0,0,0,0,0,164,281,143,435,0,146,130,0,0,283,135,171,144,0,408,149,126,137,306,0,147,415,0,0,0,297,0,0,0,152,138,166,156,271,272,0,151,273,149,0,525,271,436,0,307,263,420,307,785,0,299,0,452,297,307,154,141,0,412,415,293,141,443,257,440,151,306
"147",0,0,0,0,0,0,0,0,0,0,61,0,0,0,0,0,0,125,0,60,0,0,0,0,0,62,59,71,0,63,66,63,0,0,58,0,0,0,54,53,69,0,0,166,47,48,0,60,0,98,0,117,62,0,0,112,0,60,0,0,122,45,108,103,239,50,255,122,0,53,60,0,60,117,61,59,41,180,190,0,54,121,57,111,125,0,57,0,93,165,110,93,172,0,297,59,0,106,132,128,114,165,54
"148",0,0,0,0,0,0,0,0,62,0,0,70,0,0,0,0,73,0,0,0,0,70,0,69,79,0,0,66,65,77,0,72,68,77,63,69,65,79,150,0,76,69,56,130,0,59,64,135,71,211,69,359,0,80,0,0,0,139,139,75,0,62,142,139,0,75,78,59,277,0,60,76,0,147,76,205,65,136,64,0,259,0,0,0,0,66,0,68,0,81,220,72,203,308,182,0,71,214,57,0,65,75,268
"149",0,0,0,0,0,0,0,0,0,99,0,82,0,0,0,0,0,83,0,0,63,0,0,245,159,165,0,0,0,0,95,0,0,0,0,74,83,0,97,0,0,88,0,72,0,94,149,0,247,182,82,243,190,173,0,169,82,260,371,101,77,238,0,81,148,66,0,69,85,86,169,0,0,0,80,171,0,84,0,229,165,146,94,78,78,82,331,156,0,66,0,152,75,0,171,179,207,271,156,81,179,101,91
"150",0,0,0,0,0,0,0,0,0,0,0,0,59,0,0,46,0,0,0,0,99,62,0,0,66,0,44,46,50,0,113,50,0,0,0,0,0,47,72,98,0,41,239,61,58,61,0,0,142,0,217,103,0,129,65,75,0,110,110,111,0,67,0,0,117,59,0,230,65,171,52,62,56,59,54,49,0,0,106,0,116,0,180,0,0,46,104,0,39,51,118,66,132,55,272,112,269,100,42,55,114,114,50
"151",0,0,0,0,0,0,0,0,0,148,0,137,0,139,0,0,283,0,0,0,149,0,0,132,0,150,147,0,0,0,0,0,0,0,157,314,156,0,0,0,0,135,131,133,0,0,0,419,624,0,0,296,110,163,155,134,274,152,272,0,0,0,306,0,0,143,148,150,0,153,262,134,0,412,286,251,278,136,0,572,133,127,160,136,271,297,145,157,464,439,287,121,314,126,438,462,320,157,383,288,286,133,542
"152",0,0,29,0,0,0,0,0,0,27,29,0,34,0,34,0,0,0,0,0,27,0,0,20,31,33,42,0,68,0,0,0,30,0,41,38,66,0,0,0,0,35,0,32,26,30,0,0,21,30,0,29,57,69,0,37,0,0,30,52,40,40,31,0,114,38,52,54,76,0,32,32,69,67,39,26,35,29,28,97,75,67,33,72,0,135,32,44,85,25,95,0,77,31,0,21,32,129,101,25,68,68,81
"153",0,0,0,0,0,0,0,0,0,0,322,106,0,0,0,0,0,0,202,0,200,0,0,101,204,0,0,0,79,0,0,0,0,0,0,92,101,0,214,0,101,200,201,87,173,0,0,290,113,0,113,105,0,0,96,0,181,90,184,109,278,0,116,0,92,205,213,102,167,199,99,104,101,81,0,245,0,103,196,213,315,100,199,198,523,122,191,0,289,104,312,188,171,0,114,0,86,296,175,94,0,308,0
"154",0,0,0,0,0,0,0,101,0,0,97,0,0,0,0,97,188,0,0,0,0,0,164,0,88,96,177,0,0,201,180,107,83,0,97,107,0,66,173,0,183,85,95,0,97,93,181,87,0,111,98,83,182,0,198,95,0,95,90,86,87,0,185,235,181,173,191,0,0,94,0,177,109,105,300,0,77,91,97,100,92,378,296,294,0,0,92,169,88,101,0,102,97,0,286,160,184,98,175,175,190,96,102
"155",0,0,0,0,0,36,0,32,0,0,32,0,0,0,0,0,0,0,0,48,0,98,0,0,0,0,0,26,0,38,35,0,0,38,33,0,116,0,0,27,39,33,31,32,0,0,0,70,40,29,73,36,76,0,0,79,34,32,0,38,49,0,50,24,87,75,43,72,88,75,0,79,32,0,23,40,143,0,42,31,36,33,0,67,116,37,134,35,37,45,33,75,43,34,42,101,196,32,72,114,187,69,38
"156",0,0,0,0,0,0,0,0,0,0,41,0,0,0,0,39,0,0,0,34,0,38,0,0,82,0,0,0,0,30,0,0,33,0,34,37,0,0,39,0,34,29,0,0,31,33,0,29,0,60,0,0,0,35,38,74,0,81,37,41,141,81,0,64,35,31,80,102,78,0,126,62,66,176,42,0,45,68,0,33,89,174,70,0,101,34,63,37,0,26,0,32,31,42,44,84,81,36,205,0,64,109,70
"157",0,0,53,0,0,0,0,0,0,0,0,101,0,0,86,0,0,32,0,0,49,0,0,0,0,0,0,0,0,44,0,50,0,99,58,0,40,49,0,62,0,0,59,43,64,43,0,51,89,40,42,0,96,47,0,0,36,55,260,115,55,116,99,132,62,40,50,0,54,58,35,103,0,101,0,45,48,50,209,0,91,0,111,0,211,139,87,55,0,0,0,42,45,150,143,151,159,64,94,97,48,95,155
"158",0,61,0,0,0,60,0,0,0,0,0,0,0,0,60,0,0,62,0,0,74,70,0,0,0,0,0,59,0,0,71,131,0,68,0,0,0,84,64,0,0,205,115,47,0,64,63,120,123,0,170,190,0,0,0,72,61,0,130,55,70,0,0,56,251,71,137,53,125,63,184,54,64,133,59,112,0,0,0,201,67,0,0,0,127,0,62,58,75,62,124,147,71,53,0,72,72,201,484,137,193,402,133
"159",0,0,0,0,0,0,0,64,0,0,0,0,65,0,66,61,0,49,0,0,59,0,50,0,0,0,0,50,0,53,0,0,90,0,58,0,0,0,69,165,60,0,0,60,58,0,120,171,0,56,67,62,125,120,101,53,0,49,121,0,0,0,0,58,60,0,0,63,0,57,113,46,0,61,57,66,239,121,0,110,102,52,52,164,127,225,0,0,117,268,121,109,57,298,46,252,0,123,175,50,174,62,0
"160",0,0,0,0,0,0,164,0,0,184,0,182,0,0,0,0,0,0,0,184,0,0,184,0,0,157,0,179,176,0,0,328,182,0,0,0,0,0,523,184,0,154,0,175,0,0,166,0,348,363,189,165,379,326,176,168,153,172,371,176,348,0,0,347,0,167,198,338,0,154,173,165,185,163,339,0,359,192,343,172,365,165,167,310,685,0,640,158,350,337,518,191,318,170,327,494,360,190,689,351,0,347,345
"161",0,0,0,0,0,0,0,0,0,0,0,0,0,0,0,0,0,0,0,0,0,0,0,0,0,114,0,146,0,97,114,0,0,125,124,0,111,248,130,104,0,0,117,0,108,0,211,218,114,230,117,0,216,122,241,112,119,107,361,0,374,122,116,0,0,220,262,109,115,351,234,244,240,245,117,134,330,0,0,114,225,0,99,220,117,123,346,125,107,113,125,441,436,477,245,117,121,114,0,349,0,121,601
"162",0,0,0,0,0,0,0,0,0,78,78,0,0,0,0,0,99,0,151,0,0,0,82,91,0,0,0,92,0,168,80,0,0,0,83,0,184,178,70,0,0,73,0,188,88,0,0,0,85,0,403,0,82,87,0,174,0,79,392,0,245,78,183,89,0,177,0,0,87,286,234,0,90,150,97,0,0,0,343,0,0,0,235,176,69,92,0,264,165,0,244,84,87,266,171,0,436,253,84,238,157,259,78
"163",0,0,0,0,0,0,0,119,57,0,0,51,0,0,0,0,0,55,70,0,61,52,0,0,0,0,0,0,0,0,0,66,113,58,0,65,74,0,65,0,0,116,226,0,0,0,60,0,0,0,0,0,162,0,0,130,0,126,0,0,64,66,63,0,0,201,112,290,197,66,125,114,260,190,128,0,62,190,0,56,0,0,0,0,304,123,64,53,57,234,58,141,55,64,0,75,119,186,322,176,125,60,0
"164",0,0,0,0,0,0,33,26,0,0,0,0,0,0,0,0,0,0,0,24,31,0,0,0,0,0,0,29,0,53,25,0,0,45,0,0,27,35,27,31,20,0,0,31,60,0,32,26,0,0,0,0,48,32,0,35,34,25,52,28,28,51,108,54,0,22,26,27,29,58,92,0,58,0,49,45,24,0,50,0,51,24,81,78,29,112,32,56,81,26,0,29,32,53,51,21,71,114,27,43,29,32,83
"165",0,0,0,0,0,0,0,0,46,0,0,0,48,0,103,0,0,0,0,0,0,0,108,0,0,0,0,0,0,0,0,0,46,57,56,0,0,54,0,50,0,0,0,0,113,54,0,45,52,47,93,0,44,43,62,111,0,54,0,0,0,162,103,101,115,0,0,49,103,149,47,58,59,48,106,0,85,156,0,151,253,51,53,200,166,57,149,59,0,91,47,103,114,54,100,55,310,0,59,95,149,0,194
"166",0,0,0,0,0,0,106,0,0,0,0,0,97,100,0,0,97,0,82,193,108,0,0,0,0,91,104,0,0,0,93,103,0,117,0,0,0,215,119,0,104,332,96,0,0,224,110,0,99,0,0,0,113,0,107,85,214,107,417,0,105,105,0,0,0,224,209,120,182,0,0,127,196,195,0,118,0,206,193,310,340,0,0,213,95,500,93,0,89,294,370,312,183,0,218,193,115,444,205,203,96,224,182
"167",0,0,0,0,0,0,0,0,0,0,0,0,0,0,0,0,0,0,0,123,0,240,129,0,0,0,0,0,0,0,117,0,0,128,0,251,129,0,0,127,157,118,112,131,237,134,0,0,125,0,132,271,135,118,119,112,444,126,0,0,129,133,0,0,145,229,0,121,237,361,386,256,250,122,132,0,0,582,397,133,136,373,243,0,0,392,377,412,500,221,120,210,109,124,122,279,263,0,462,139,263,415,0
"168",0,0,0,0,0,0,0,0,154,0,0,0,0,0,0,144,140,0,0,0,0,0,0,146,0,0,314,151,134,0,0,316,633,0,143,157,0,319,134,0,0,132,447,283,0,0,143,125,0,0,432,507,331,0,282,292,137,285,277,0,590,318,464,0,0,0,0,150,158,167,0,297,148,131,284,0,155,313,149,0,165,129,0,172,154,0,0,0,738,439,317,162,159,302,294,151,466,435,441,140,145,148,161
"169",0,0,0,102,0,0,0,0,0,0,124,0,0,0,0,235,0,119,0,0,104,117,0,0,0,0,0,0,221,0,0,0,115,123,0,107,114,0,122,0,125,138,253,123,231,120,129,0,186,0,102,374,120,222,241,0,0,137,119,332,239,0,251,0,0,0,0,110,0,126,0,128,112,119,253,0,114,251,0,130,250,220,231,127,111,217,0,380,245,339,731,253,237,342,136,0,103,469,374,224,342,118,0
"170",0,0,0,0,0,37,33,0,23,0,0,28,0,0,0,0,0,0,31,0,0,0,0,0,0,36,0,0,37,0,33,0,27,56,0,0,55,33,0,0,28,31,0,0,23,42,42,0,32,32,78,30,63,0,0,0,20,66,53,0,0,32,67,0,72,0,28,29,104,61,27,0,0,35,0,127,82,61,94,84,66,70,30,39,0,20,92,31,31,72,52,63,41,51,0,58,65,86,74,0,67,151,60
"171",0,0,0,0,0,0,0,0,0,0,0,0,0,0,114,0,0,107,0,0,0,0,0,116,233,0,224,0,108,0,122,0,0,324,112,111,0,226,101,0,0,0,0,255,0,0,231,106,0,243,0,0,107,0,123,0,0,118,0,113,0,0,0,115,0,112,217,0,226,111,0,457,479,106,122,221,0,126,0,445,104,248,238,106,223,0,97,348,468,0,224,245,627,0,355,222,256,451,363,573,101,240,125
"172",0,0,0,0,0,0,0,0,0,0,0,0,0,0,0,133,132,0,0,0,0,0,136,135,131,0,0,0,132,0,0,0,131,0,0,116,0,283,0,0,137,425,131,0,0,382,142,145,275,130,124,0,0,525,267,253,133,262,0,139,392,121,484,384,0,138,0,252,140,0,128,133,408,107,252,133,116,0,0,0,127,133,269,129,0,143,246,443,427,134,142,0,247,249,120,860,255,257,382,142,0,137,270
"173",0,0,0,0,0,0,0,0,175,0,0,0,0,0,0,0,0,139,138,150,144,167,0,0,0,0,154,142,0,433,0,0,0,285,130,127,146,146,0,0,0,452,144,0,0,0,278,405,139,293,133,0,290,288,0,143,0,140,402,269,0,0,0,286,0,0,592,0,133,540,307,137,436,0,0,136,147,130,458,0,306,0,435,472,0,157,428,291,0,432,565,134,0,147,142,280,141,295,130,271,127,123,301
"174",0,0,0,0,85,0,0,0,0,0,0,0,0,0,0,0,0,0,0,0,115,0,0,0,0,0,0,99,94,0,83,178,0,0,0,0,185,108,0,100,0,114,0,0,208,0,89,88,207,0,394,118,101,0,98,0,0,505,84,101,111,182,188,0,0,91,191,0,115,187,267,0,406,0,101,302,389,99,92,99,408,104,91,280,96,116,0,89,200,392,90,102,92,0,89,379,200,279,105,278,94,115,201
"175",0,0,0,0,0,0,0,0,0,0,57,0,0,0,51,0,0,0,0,0,66,49,0,68,67,0,0,0,0,118,66,0,0,0,128,48,66,249,75,0,62,0,180,0,64,57,53,155,0,0,57,130,133,0,0,0,64,0,0,62,185,127,0,0,66,0,0,67,0,0,0,54,55,117,220,245,184,113,53,116,0,0,138,56,53,108,317,265,230,0,0,67,122,72,257,123,118,115,0,0,65,252,77
"176",0,0,0,0,0,0,0,0,0,0,0,72,68,0,0,76,0,78,0,0,0,0,81,0,0,0,133,0,0,60,0,0,199,49,71,0,0,70,0,0,0,85,71,69,139,68,0,86,144,0,0,71,64,77,70,0,0,113,58,0,129,141,153,0,309,70,62,75,0,0,85,220,78,0,65,204,347,130,128,71,157,140,132,129,48,212,212,0,0,76,0,344,312,76,207,69,71,59,0,0,208,68,138
"177",0,0,0,0,0,0,108,0,0,118,0,0,118,0,109,0,0,0,0,0,115,118,122,0,0,121,0,0,0,0,126,366,0,108,118,126,0,126,0,0,130,257,110,0,125,0,120,579,237,106,246,0,0,0,125,0,0,229,120,0,0,121,0,262,116,0,105,89,113,113,358,0,0,221,0,359,221,228,114,229,218,229,130,210,224,238,114,114,139,263,130,238,355,541,356,446,116,0,121,252,131,267,119
"178",0,0,0,0,0,0,0,0,0,0,0,0,0,0,0,0,0,0,93,190,90,178,85,0,0,0,0,0,82,0,186,0,84,0,0,101,86,0,0,174,0,0,0,92,88,0,182,0,182,97,0,0,83,98,0,85,0,172,89,178,81,278,0,0,167,90,76,180,100,86,101,173,102,97,0,95,109,446,0,86,204,107,261,182,0,0,95,299,190,121,93,270,278,85,295,96,296,382,461,304,101,81,92
"179",0,64,0,0,0,0,56,0,0,0,0,53,0,55,0,0,0,0,0,0,0,0,0,91,0,62,62,57,0,111,71,0,0,0,0,0,107,0,0,0,0,66,110,125,47,54,133,0,57,0,142,68,58,58,58,54,186,65,55,54,0,53,111,226,112,178,190,0,0,0,0,216,56,0,61,266,0,119,53,58,182,73,65,0,64,128,0,55,0,59,175,131,57,199,109,0,203,0,0,292,115,64,0
"180",0,0,0,0,0,0,0,0,0,114,0,0,0,0,0,0,0,0,106,111,101,0,0,126,0,0,99,133,0,122,0,133,0,120,0,124,0,121,0,0,0,123,115,103,106,0,118,199,114,249,107,337,0,112,106,109,223,0,0,104,108,0,0,0,118,0,348,360,0,209,238,214,0,234,105,241,109,246,135,124,212,0,338,110,208,114,0,115,343,0,334,107,113,222,450,214,482,216,619,105,550,121,0
